Main Category,Product Card Name,Specifications / Materials,Client Status
Gypsum Boards & Plaster,Saint-Gobain Gyproc Plasterboards,"12.5mm Regular, Moisture Resistant (MR), Firestop",Approved
Gypsum Boards & Plaster,India Gypsum Plasterboards,ISI certified regular and water-resistant plasterboards,Approved
Gypsum Boards & Plaster,USG Knauf Drywall Boards,High-performance acoustic & partition boards,Approved
Gypsum Boards & Plaster,Gypsum Jointing Compounds,"Jointing powder, fiberglass tape, paper tape & mesh",Approved
Ceiling Framing & Hardware,GI Ceiling & Perimeter Channels,"Ceiling Section, Intermediate, Perimeter & Wall Angle",Approved
Ceiling Framing & Hardware,Drywall Partition Studs & Tracks,C-Studs and Floor Runners for gypsum partition walls,Approved
Ceiling Framing & Hardware,2x2 Modular T-Grid System,"Main runners, cross tees & PVC laminated ceiling tiles",Approved
Ceiling Framing & Hardware,Fasteners & Murga Jali,"Black bugle drywall screws, anchor fasteners, wire mesh",Approved
Wall & Ceiling Panels,PVC Wall & Ceiling Planks,Waterproof hollow and solid PVC tongue-and-groove planks,Approved
Wall & Ceiling Panels,WPC Louvers,All-weather exterior and interior wood-composite louvers,Approved
Wall & Ceiling Panels,Fluted Decorative Panels,Modern 3D vertical ribbed wall panels,Approved
Wall & Ceiling Panels,Charcoal Accent Panels,High-density charcoal polymer luxury strips,Approved
Decorative Surfaces & Sheets,UV Marble Sheets (8x4 ft),"3mm high-gloss faux marble sheets (Statuario, Portoro)",Approved
Decorative Surfaces & Sheets,Designer Wallpaper Rolls,Imported non-woven and heavy vinyl wallpaper rolls,Approved
Decorative Surfaces & Sheets,Metallic Edge Trims & Profiles,"Rose gold, brass, and black T-profiles & edge trims",Approved
Decorative Surfaces & Sheets,Acrylic Sheets & Mirror Panels,Shatter-proof mirror sheets and silicone adhesives,Approved
