Category,Service / Card Name,What It Includes,Client Status
Ceiling & Partition Work,Gypsum False Ceiling,"Designer cove lighting, flat ceilings, stepped ceilings",Approved
Ceiling & Partition Work,Gypsum Partition Walls,"Sound-insulated drywall partitions for offices, cabins & clinics",Approved
Ceiling & Partition Work,POP Murga Jali Ceiling,"Traditional wire-mesh ceilings, heavy ornamental designs",Approved
Ceiling & Partition Work,Gypsum 2x2 Grid Ceiling,Modular T-grid ceiling tiles for commercial offices,Approved
Ceiling & Partition Work,PVC Ceiling Installation,Waterproof and termite-proof ceiling cladding,Approved
Wall & Decorative Work,WPC Wall Paneling & Louvers,Exterior and interior heavy-duty wood-look fluted panels,Approved
Wall & Decorative Work,PVC Wall Paneling,100% waterproof wall cladding for damp areas,Approved
Wall & Decorative Work,UV Marble Sheets (8x4 ft),High-gloss seamless Italian marble look feature walls,Approved
Wall & Decorative Work,Fluted & Charcoal Panels,3D ribbed vertical panels for TV units and bedrooms,Approved
Wall & Decorative Work,Designer Wallpaper,"Imported textured, 3D, and patterned wallpaper fitting",Approved
Modular Kitchen & Furniture,Modular Kitchens,"L-Shape, U-Shape, Parallel & Island kitchens (Marine Ply)",Approved
Modular Kitchen & Furniture,Modular Wardrobes,"Sliding, hinged, and walk-in wardrobes with profile lighting",Approved
Modular Kitchen & Furniture,TV Units & Media Consoles,Floating entertainment units with concealed wiring,Approved
Modular Kitchen & Furniture,Custom Furniture & Display Units,"Vanity units, study tables, and shop display racks",Approved
Commercial & Turnkey,Office & Corporate Interiors,"Complete office fit-outs, conference rooms & workstations",Approved
Commercial & Turnkey,Retail & Showroom Interiors,"Shop interiors, display units, lighting and wall cladding",Approved
Commercial & Turnkey,Home & Flat Turnkey Interiors,Full residential interior execution from concept to finish,Approved
